{
    "accuracy": 0.9473684210526315,
    "f1_score": 0.9583333333333334,
    "roc_auc": 0.9937169312169312
}